<DATE>	<TIME>	<OPEN>	<HIGH>	<LOW>	<CLOSE>	<TICKVOL>	<VOL>	<SPREAD>
2020.08.03	09:08:00	104150	104150	104150	104150	1	2	5
2020.08.03	09:16:00	104085	104085	104085	104085	1	1	5
2020.08.03	09:18:00	103900	103900	103900	103900	3	3	5
2020.08.03	09:26:00	104100	104100	104100	104100	1	50	5
2020.08.03	09:28:00	104230	104230	104150	104150	2	6	5
2020.08.03	09:30:00	104000	104000	104000	104000	1	1	5
2020.08.03	10:12:00	103850	103850	103820	103820	2	10	5
2020.08.03	10:14:00	103845	104055	103825	103860	5	31	5
2020.08.03	10:16:00	103900	103900	103880	103880	2	47	5
2020.08.03	10:20:00	103690	103690	103570	103645	4	61	5
2020.08.03	10:22:00	103350	103350	103350	103350	1	7	5
2020.08.03	10:24:00	103300	103300	102950	102950	10	51	5
2020.08.03	10:32:00	103335	103335	103080	103080	3	3	5
2020.08.03	10:52:00	103080	103080	103080	103080	2	20	5
2020.08.03	10:54:00	103000	103000	103000	103000	1	2	5
2020.08.03	10:56:00	102800	102800	102700	102700	2	2	5
2020.08.03	11:00:00	102875	102875	102875	102875	1	2	5
2020.08.03	11:12:00	103890	103890	103890	103890	2	15	5
2020.08.03	11:16:00	103575	103575	103575	103575	1	1	5
2020.08.03	11:32:00	103050	103050	103050	103050	1	10	5
2020.08.03	11:36:00	103215	103215	103215	103215	1	1	5
2020.08.03	11:44:00	103245	103315	103245	103315	2	2	5
2020.08.03	11:52:00	103275	103275	103275	103275	1	7	5
2020.08.03	11:54:00	103255	103540	103255	103460	18	130	5
2020.08.03	11:56:00	103455	103455	103200	103200	3	12	5
2020.08.03	11:58:00	103185	103185	103185	103185	1	1	5
2020.08.03	12:00:00	103395	103395	103395	103395	1	1	5
2020.08.03	12:08:00	103020	103020	103020	103020	3	38	5
2020.08.03	12:12:00	102990	102990	102945	102945	2	2	5
2020.08.03	12:18:00	103030	103370	103030	103370	6	42	5
2020.08.03	12:22:00	103400	103400	103400	103400	1	50	5
2020.08.03	12:38:00	103250	103250	103250	103250	2	50	5
2020.08.03	13:24:00	103465	103465	103465	103465	1	4	5
2020.08.03	13:30:00	103745	103745	103745	103745	1	1	5
2020.08.03	13:32:00	103815	103815	103815	103815	1	1	5
2020.08.03	13:34:00	103985	103985	103985	103985	1	1	5
2020.08.03	13:36:00	104020	104020	104020	104020	1	2	5
2020.08.03	13:38:00	103970	104050	103970	104050	2	11	5
2020.08.03	13:44:00	104200	104200	104200	104200	1	2	5
2020.08.03	14:02:00	103845	103845	103795	103795	4	20	5
2020.08.03	14:04:00	103765	103785	103720	103785	3	100	5
2020.08.03	14:16:00	103780	103780	103780	103780	1	1	5
2020.08.03	14:18:00	103795	103795	103795	103795	1	5	5
2020.08.03	14:24:00	103870	103870	103870	103870	1	1	5
2020.08.03	14:26:00	103800	103800	103800	103800	1	1	5
2020.08.03	14:54:00	104020	104020	104020	104020	1	10	5
2020.08.03	14:56:00	103935	103935	103935	103935	1	23	5
2020.08.03	15:32:00	103925	103925	103925	103925	1	1	5
2020.08.03	15:40:00	103950	103950	103950	103950	1	1	5
2020.08.03	15:56:00	103800	103800	103800	103800	1	1	5
2020.08.03	16:04:00	103800	103800	103800	103800	1	9	5
2020.08.03	16:08:00	103360	103360	103360	103360	2	15	5
2020.08.03	16:10:00	103360	103360	103360	103360	1	1	5
2020.08.03	16:12:00	103360	103360	103360	103360	1	1	5
2020.08.03	16:14:00	103245	103245	103245	103245	1	1	5
2020.08.03	16:20:00	102910	102910	102800	102800	2	2	5
2020.08.03	16:22:00	102990	102990	102990	102990	1	1	5
2020.08.03	16:24:00	103040	103075	103040	103050	3	62	5
2020.08.03	16:28:00	103090	103090	103090	103090	1	1	5
2020.08.03	16:40:00	103290	103290	103290	103290	1	1	5
2020.08.03	16:46:00	103350	103350	103350	103350	1	1	5
2020.08.03	16:50:00	103300	103300	103300	103300	2	20	5
2020.08.03	16:54:00	103400	103400	103400	103400	2	9	5
2020.08.03	17:22:00	103400	103400	103400	103400	1	10	5
2020.08.03	17:32:00	103480	103480	103450	103450	4	77	5
2020.08.03	17:34:00	103450	103470	103450	103470	3	5	5
2020.08.03	17:36:00	103440	103470	103430	103455	25	160	5
2020.08.03	17:40:00	103385	103385	103320	103320	4	76	5
2020.08.03	17:46:00	103305	103305	103305	103305	1	1	5
2020.08.03	17:50:00	103245	103245	103245	103245	1	1	5
2020.08.03	17:52:00	103350	103370	103350	103370	15	100	5
2020.08.03	17:54:00	103375	103375	103375	103375	3	40	5
2020.08.04	09:08:00	102445	102445	102330	102330	3	20	5
2020.08.04	09:10:00	102540	102540	102540	102540	1	10	5
2020.08.04	09:14:00	102450	102450	102450	102450	1	1	5
2020.08.04	09:20:00	102450	102450	102450	102450	1	1	5
2020.08.04	09:26:00	102315	102315	102225	102225	2	51	5
2020.08.04	09:32:00	102250	102250	102250	102250	1	1	5
2020.08.04	09:36:00	102090	102090	102090	102090	1	22	5
2020.08.04	09:40:00	102180	102180	101990	101990	2	2	5
2020.08.04	09:52:00	102125	102125	102025	102025	3	11	5
2020.08.04	09:54:00	102120	102120	102100	102100	3	6	5
2020.08.04	09:56:00	102165	102165	102165	102165	1	1	5
2020.08.04	09:58:00	102135	102135	102080	102080	2	2	5
2020.08.04	10:00:00	102185	102185	102185	102185	1	1	5
2020.08.04	10:02:00	102150	102180	102150	102180	2	2	5
2020.08.04	10:06:00	101900	102015	101900	102015	3	16	5
2020.08.04	10:08:00	102070	102070	102070	102070	1	1	5
2020.08.04	10:10:00	102080	102080	101900	101900	2	6	5
2020.08.04	10:12:00	101915	101935	101915	101935	2	2	5
2020.08.04	10:14:00	101925	101930	101925	101930	2	2	5
2020.08.04	10:16:00	101855	101855	101855	101855	1	1	5
2020.08.04	10:24:00	102000	102000	102000	102000	1	10	5
2020.08.04	10:54:00	102490	102630	102490	102630	2	2	5
2020.08.04	10:56:00	102750	102750	102750	102750	1	1	5
2020.08.04	10:58:00	102870	102985	102870	102985	3	3	5
2020.08.04	11:00:00	103100	103100	103100	103100	1	1	5
2020.08.04	11:06:00	102850	102850	102700	102700	4	101	5
2020.08.04	11:12:00	103065	103065	103065	103065	1	10	5
2020.08.04	11:20:00	102995	102995	102995	102995	1	1	5
2020.08.04	11:22:00	102995	102995	102995	102995	1	1	5
2020.08.04	11:26:00	102885	102885	102885	102885	1	1	5
2020.08.04	11:28:00	102975	102975	102975	102975	2	5	5
2020.08.04	11:30:00	102995	102995	102995	102995	1	1	5
2020.08.04	11:34:00	102705	102705	102705	102705	1	1	5
2020.08.04	11:36:00	102825	102825	102825	102825	2	5	5
2020.08.04	11:38:00	102845	102845	102845	102845	1	1	5
2020.08.04	11:42:00	102830	102830	102830	102830	1	2	5
2020.08.04	11:44:00	102765	102765	102765	102765	1	1	5
2020.08.04	11:58:00	102425	102425	102425	102425	1	3	5
2020.08.04	12:00:00	102445	102445	102445	102445	1	1	5
2020.08.04	12:08:00	102295	102295	102295	102295	1	1	5
2020.08.04	12:14:00	102365	102375	102300	102315	13	90	5
2020.08.04	12:22:00	102115	102115	102115	102115	1	1	5
2020.08.04	12:26:00	102025	102025	102025	102025	1	1	5
2020.08.04	12:28:00	101920	101920	101525	101525	8	57	5
2020.08.04	12:30:00	101350	101380	101350	101380	3	21	5
2020.08.04	12:36:00	101205	101290	101205	101290	3	9	5
2020.08.04	12:38:00	101065	101065	101065	101065	1	1	5
2020.08.04	12:40:00	101000	101000	100940	100940	2	6	5
2020.08.04	12:42:00	100905	100905	100830	100850	4	19	5
2020.08.04	12:46:00	100725	100725	100725	100725	1	1	5
2020.08.04	12:52:00	100560	100560	100560	100560	1	1	5
2020.08.04	12:54:00	100640	100640	100490	100490	3	16	5
2020.08.04	12:56:00	100495	100495	100495	100495	1	10	5
2020.08.04	13:08:00	100315	100315	100315	100315	1	1	5
2020.08.04	13:12:00	100315	100315	100315	100315	1	1	5
2020.08.04	13:18:00	100755	100755	100755	100755	1	1	5
2020.08.04	13:34:00	100995	100995	100995	100995	1	1	5
2020.08.04	13:52:00	101520	101520	101365	101365	2	2	5
2020.08.04	13:58:00	101450	101450	101450	101450	1	7	5
2020.08.04	14:04:00	101020	101020	101020	101020	1	1	5
2020.08.04	14:08:00	101190	101190	101190	101190	1	1	5
2020.08.04	15:26:00	101050	101050	101050	101050	2	7	5
2020.08.04	15:34:00	100865	100865	100865	100865	1	1	5
2020.08.04	15:50:00	101020	101085	101020	101085	2	2	5
2020.08.04	15:58:00	101405	101520	101405	101520	3	15	5
2020.08.04	16:34:00	101165	101165	101165	101165	1	1	5
2020.08.04	16:36:00	101220	101410	101220	101410	10	41	5
2020.08.04	16:38:00	101400	101510	101400	101500	4	9	5
2020.08.04	16:42:00	101400	101400	101400	101400	1	2	5
2020.08.04	16:46:00	101400	101400	101400	101400	1	1	5
2020.08.04	16:50:00	101450	101450	101450	101450	2	7	5
2020.08.04	16:52:00	101480	101540	101480	101540	4	14	5
2020.08.04	16:54:00	101600	101600	101600	101600	1	7	5
2020.08.04	16:56:00	101605	101605	101600	101600	5	14	5
2020.08.04	17:02:00	101600	101600	101600	101600	1	2	5
2020.08.04	17:04:00	101550	101665	101550	101550	3	5	5
2020.08.04	17:08:00	101670	101670	101670	101670	1	1	5
2020.08.04	17:30:00	101700	101700	101700	101700	2	10	5
2020.08.04	17:34:00	101635	101635	101635	101635	1	10	5
2020.08.04	17:36:00	101650	101650	101650	101650	2	2	5
2020.08.04	17:38:00	101600	101650	101575	101650	5	14	5
2020.08.04	17:40:00	101650	101650	101635	101635	3	3	5
2020.08.04	17:48:00	101885	101965	101885	101965	4	7	5
2020.08.05	09:12:00	102900	102900	102900	102900	3	41	5
2020.08.05	09:14:00	102890	102890	102850	102850	18	200	5
2020.08.05	09:16:00	102850	102850	102725	102725	5	113	5
2020.08.05	09:20:00	103000	103100	103000	103100	2	3	5
2020.08.05	09:22:00	103160	103160	103160	103160	1	2	5
2020.08.05	09:24:00	103075	103075	103075	103075	1	1	5
2020.08.05	09:28:00	103110	103275	103110	103125	7	162	5
2020.08.05	09:30:00	103020	103020	103020	103020	1	1	5
2020.08.05	09:32:00	103020	103020	103020	103020	2	2	5
2020.08.05	09:34:00	103150	103150	103150	103150	1	1	5
2020.08.05	09:52:00	102555	102555	102555	102555	1	1	5
2020.08.05	09:54:00	102705	102705	102705	102705	1	1	5
2020.08.05	10:08:00	103100	103100	103100	103100	1	2	5
2020.08.05	10:10:00	103220	103220	103220	103220	1	1	5
2020.08.05	10:12:00	103500	103500	103500	103500	1	2	5
2020.08.05	10:14:00	103520	103640	103500	103570	4	4	5
2020.08.05	10:16:00	103565	103565	103510	103535	5	18	5
2020.08.05	10:18:00	103580	103660	103580	103650	4	4	5
2020.08.05	10:20:00	103745	103765	103685	103685	7	15	5
2020.08.05	10:22:00	103670	103800	103670	103695	6	6	5
2020.08.05	10:24:00	103620	103670	103570	103645	6	15	5
2020.08.05	10:26:00	103620	103695	103620	103645	4	4	5
2020.08.05	10:28:00	103660	103675	103610	103630	4	4	5
2020.08.05	10:30:00	103565	103690	103560	103690	4	4	5
2020.08.05	10:32:00	103750	103845	103750	103790	7	16	5
2020.08.05	10:34:00	103795	103880	103775	103880	5	5	5
2020.08.05	10:36:00	103830	103865	103760	103790	7	16	5
2020.08.05	10:38:00	103865	103865	103735	103745	4	4	5
2020.08.05	10:40:00	103700	103755	103665	103755	4	4	5
2020.08.05	10:42:00	103740	103830	103740	103815	5	9	5
2020.08.05	10:44:00	103805	103805	103745	103760	4	4	5
2020.08.05	10:46:00	103705	103720	103685	103685	5	5	5
2020.08.05	10:48:00	103700	103795	103700	103795	6	6	5
2020.08.05	10:50:00	103850	103860	103795	103815	5	9	5
2020.08.05	10:52:00	103805	103850	103735	103830	7	7	5
2020.08.05	10:54:00	103800	103880	103775	103880	8	19	5
2020.08.05	10:56:00	103890	103890	103715	103715	5	5	5
2020.08.05	10:58:00	103775	103775	103665	103665	4	4	5
2020.08.05	11:00:00	103680	103900	103560	103750	31	284	5
2020.08.05	11:02:00	103630	103690	103580	103580	4	4	5
2020.08.05	11:04:00	103575	103800	103575	103770	13	64	5
2020.08.05	11:06:00	103785	103785	103695	103695	5	5	5
2020.08.05	11:08:00	103655	103700	103655	103670	4	4	5
2020.08.05	11:10:00	103720	103765	103690	103765	5	5	5
2020.08.05	11:12:00	103765	103770	103705	103735	9	14	5
2020.08.05	11:14:00	103660	103660	103535	103635	5	5	5
2020.08.05	11:16:00	103640	103665	103580	103655	4	4	5
2020.08.05	11:18:00	103675	103675	103640	103660	4	4	5
2020.08.05	11:20:00	103625	103670	103625	103665	4	4	5
2020.08.05	11:22:00	103665	103735	103665	103730	5	9	5
2020.08.05	11:24:00	103705	103770	103705	103755	4	4	5
2020.08.05	11:26:00	103725	103725	103630	103630	4	4	5
2020.08.05	11:28:00	103630	103695	103630	103675	4	4	5
2020.08.05	11:30:00	103720	103720	103640	103705	4	4	5
2020.08.05	11:32:00	103690	103775	103690	103770	5	9	5
2020.08.05	11:34:00	103745	103780	103745	103780	4	4	5
2020.08.05	11:36:00	103755	103775	103730	103755	4	4	5
2020.08.05	11:38:00	103720	103735	103710	103710	4	4	5
2020.08.05	11:40:00	103695	103695	103470	103470	6	9	5
2020.08.05	11:42:00	103495	103695	103495	103695	8	18	5
2020.08.05	11:44:00	103640	103740	103640	103740	4	4	5
2020.08.05	11:46:00	103725	103800	103725	103725	6	9	5
2020.08.05	11:48:00	103745	103765	103725	103725	4	4	5
2020.08.05	11:50:00	103845	104020	103845	104020	11	23	5
2020.08.05	11:52:00	104035	104105	103970	104040	9	13	5
2020.08.05	11:54:00	104015	104015	103925	103925	4	4	5
2020.08.05	11:56:00	103890	103890	103840	103840	4	4	5
2020.08.05	11:58:00	103820	103870	103760	103870	6	6	5
2020.08.05	12:00:00	103840	103865	103835	103865	4	4	5
2020.08.05	12:02:00	103880	103880	103770	103770	4	4	5
2020.08.05	12:04:00	103800	103820	103715	103820	5	9	5
2020.08.05	12:06:00	103835	103835	103745	103745	5	5	5
2020.08.05	12:08:00	103735	103810	103730	103810	4	4	5
2020.08.05	12:10:00	103805	103805	103745	103745	10	29	5
2020.08.05	12:12:00	103685	103720	103675	103675	4	4	5
2020.08.05	12:14:00	103665	103710	103655	103710	4	4	5
2020.08.05	12:16:00	103715	103720	103655	103655	4	4	5
2020.08.05	12:18:00	103670	103725	103650	103650	4	4	5
2020.08.05	12:20:00	103655	103665	103625	103665	4	4	5
2020.08.05	12:22:00	103705	103705	103645	103645	4	4	5
2020.08.05	12:24:00	103615	103755	103615	103755	7	9	5
2020.08.05	12:26:00	103720	103720	103655	103655	4	4	5
2020.08.05	12:28:00	103640	103640	103590	103590	4	4	5
2020.08.05	12:30:00	103615	103615	103580	103580	4	4	5
2020.08.05	12:32:00	103580	103635	103545	103635	4	4	5
2020.08.05	12:34:00	103690	103690	103620	103620	4	4	5
2020.08.05	12:36:00	103580	103580	103520	103525	5	5	5
2020.08.05	12:38:00	103510	103510	103280	103325	4	4	5
2020.08.05	12:40:00	103160	103160	102990	102990	16	65	5
2020.08.05	12:42:00	103070	103070	102925	102985	6	10	5
2020.08.05	12:44:00	103065	103085	103050	103085	4	4	5
2020.08.05	12:46:00	102965	102965	102800	102935	18	149	5
2020.08.05	12:48:00	102940	102940	102710	102710	12	46	5
2020.08.05	12:50:00	102760	102760	102685	102685	6	10	5
2020.08.05	12:52:00	102580	102725	102560	102700	8	14	5
2020.08.05	12:54:00	102805	102805	102705	102705	5	5	5
2020.08.05	12:56:00	102870	102925	102825	102870	5	5	5
2020.08.05	12:58:00	102810	102810	102770	102800	5	5	5
2020.08.05	13:00:00	102795	102925	102780	102925	9	13	5
2020.08.05	13:02:00	102900	103005	102900	103005	5	5	5
2020.08.05	13:04:00	102975	103050	102975	103010	11	144	5
2020.08.05	13:06:00	102930	102930	102895	102930	4	4	5
2020.08.05	13:08:00	102940	102995	102920	102995	4	4	5
2020.08.05	13:10:00	103000	103025	102970	103005	4	4	5
2020.08.05	13:12:00	102995	103120	102970	103120	6	9	5
2020.08.05	13:14:00	103115	103120	103070	103120	4	4	5
2020.08.05	13:16:00	103070	103070	102980	102980	4	4	5
2020.08.05	13:18:00	103025	103030	102940	102940	4	4	5
2020.08.05	13:20:00	102960	102965	102910	102965	4	4	5
2020.08.05	13:22:00	102960	103000	102960	103000	4	4	5
2020.08.05	13:24:00	103055	103055	103025	103045	4	4	5
2020.08.05	13:26:00	103035	103070	103005	103070	4	4	5
2020.08.05	13:28:00	103030	103130	103030	103105	4	4	5
2020.08.05	13:30:00	103075	103075	103005	103005	4	4	5
2020.08.05	13:32:00	103000	103020	102970	102970	5	5	5
2020.08.05	13:34:00	102955	102995	102900	102995	7	15	5
2020.08.05	13:36:00	103015	103065	103005	103065	4	4	5
2020.08.05	13:38:00	103090	103090	103035	103035	5	5	5
2020.08.05	13:40:00	102990	102990	102965	102970	4	4	5
2020.08.05	13:42:00	102940	102980	102910	102980	15	73	5
2020.08.05	13:44:00	102975	103015	102970	103015	4	4	5
2020.08.05	13:46:00	103015	103015	102955	102955	4	4	5
2020.08.05	13:48:00	102930	102945	102920	102930	4	4	5
2020.08.05	13:50:00	102900	102955	102850	102950	4	4	5
2020.08.05	13:52:00	102905	102955	102905	102910	15	73	5
2020.08.05	13:54:00	102985	103000	102975	102985	4	4	5
2020.08.05	13:56:00	103010	103010	102985	102985	4	4	5
2020.08.05	13:58:00	102955	102985	102945	102945	4	4	5
2020.08.05	14:00:00	102930	102970	102925	102925	4	4	5
2020.08.05	14:02:00	102905	102905	102885	102890	4	4	5
2020.08.05	14:04:00	102895	102895	102855	102895	4	4	5
2020.08.05	14:06:00	102840	102920	102840	102920	6	6	5
2020.08.05	14:08:00	102895	102895	102740	102740	6	14	5
2020.08.05	14:10:00	102670	102670	102390	102475	8	22	5
2020.08.05	14:12:00	102460	102460	102310	102310	6	10	5
2020.08.05	14:14:00	102360	102460	102355	102460	6	10	5
2020.08.05	14:16:00	102450	102450	102390	102450	4	4	5
2020.08.05	14:18:00	102485	102485	102440	102455	4	4	5
2020.08.05	14:20:00	102550	102605	102550	102570	19	144	5
2020.08.05	14:22:00	102540	102545	102490	102535	4	4	5
2020.08.05	14:24:00	102515	102590	102515	102590	4	4	5
2020.08.05	14:26:00	102585	102585	102410	102410	4	4	5
2020.08.05	14:28:00	102425	102425	102285	102285	5	5	5
2020.08.05	14:30:00	102360	102470	102360	102470	6	9	5
2020.08.05	14:32:00	102495	102495	102420	102420	4	4	5
2020.08.05	14:34:00	102465	102540	102455	102500	13	42	5
2020.08.05	14:36:00	102485	102525	102475	102525	4	4	5
2020.08.05	14:38:00	102540	102575	102530	102560	4	4	5
2020.08.05	14:40:00	102555	102585	102520	102585	4	4	5
2020.08.05	14:42:00	102570	102570	102490	102500	4	4	5
2020.08.05	14:44:00	102530	102530	102465	102465	4	4	5
2020.08.05	14:46:00	102500	102500	102425	102470	4	4	5
2020.08.05	14:48:00	102510	102520	102485	102510	4	4	5
2020.08.05	14:50:00	102540	102645	102540	102645	5	5	5
2020.08.05	14:52:00	102615	102635	102605	102635	4	4	5
2020.08.05	14:54:00	102670	102670	102640	102670	4	4	5
2020.08.05	14:56:00	102630	102655	102615	102615	4	4	5
2020.08.05	14:58:00	102620	102690	102600	102690	4	4	5
2020.08.05	15:00:00	102685	102925	102685	102925	24	146	5
2020.08.05	15:02:00	102895	102895	102835	102875	9	20	5
2020.08.05	15:04:00	102905	103060	102905	103010	14	48	5
2020.08.05	15:06:00	103105	103145	103060	103100	4	4	5
2020.08.05	15:08:00	103080	103100	102975	103055	25	146	5
2020.08.05	15:10:00	103020	103070	103020	103050	5	5	5
2020.08.05	15:12:00	103080	103115	103060	103060	4	4	5
2020.08.05	15:14:00	103115	103170	103085	103145	7	16	5
2020.08.05	15:16:00	103155	103185	103140	103140	4	4	5
2020.08.05	15:18:00	103100	103140	103100	103115	5	7	5
2020.08.05	15:20:00	103070	103075	103030	103075	4	4	5
2020.08.05	15:22:00	103070	103075	103020	103075	4	4	5
2020.08.05	15:24:00	103120	103215	103120	103155	5	5	5
2020.08.05	15:26:00	103090	103140	103090	103140	4	4	5
2020.08.05	15:28:00	103135	103340	103135	103340	7	12	5
2020.08.05	15:30:00	103270	103330	103220	103270	19	145	5
2020.08.05	15:32:00	103295	103350	103280	103350	6	21	5
2020.08.05	15:34:00	103335	103335	103240	103240	4	4	5
2020.08.05	15:36:00	103180	103180	103120	103120	4	4	5
2020.08.05	15:38:00	103070	103070	103045	103045	4	4	5
2020.08.05	15:40:00	103030	103030	103005	103005	4	4	5
2020.08.05	15:42:00	103050	103060	103015	103015	4	4	5
2020.08.05	15:44:00	103045	103055	103000	103045	8	11	5
2020.08.05	15:46:00	103105	103105	103030	103030	4	4	5
2020.08.05	15:48:00	103045	103060	103025	103025	4	4	5
2020.08.05	15:50:00	103140	103170	103140	103145	4	4	5
2020.08.05	15:52:00	103105	103105	103080	103105	4	4	5
2020.08.05	15:54:00	103140	103170	103135	103170	4	4	5
2020.08.05	15:56:00	103180	103190	103175	103175	4	4	5
2020.08.05	15:58:00	103185	103205	103170	103205	4	4	5
2020.08.05	16:00:00	103155	103185	103120	103185	4	4	5
2020.08.05	16:02:00	103170	103170	103145	103170	4	4	5
2020.08.05	16:04:00	103130	103130	103105	103105	4	4	5
2020.08.05	16:06:00	103085	103150	103075	103075	4	4	5
2020.08.05	16:08:00	103125	103235	103125	103190	4	4	5
2020.08.05	16:10:00	103205	103225	103205	103225	4	4	5
2020.08.05	16:12:00	103225	103260	103225	103240	4	4	5
2020.08.05	16:14:00	103265	103300	103265	103265	4	4	5
2020.08.05	16:16:00	103305	103350	103295	103325	4	4	5
2020.08.05	16:18:00	103275	103275	103230	103245	4	4	5
2020.08.05	16:20:00	103210	103225	103165	103225	4	4	5
2020.08.05	16:22:00	103220	103220	103210	103210	4	4	5
2020.08.05	16:24:00	103240	103240	103165	103175	4	4	5
2020.08.05	16:26:00	103210	103225	103210	103225	4	4	5
2020.08.05	16:28:00	103190	103230	103190	103220	4	4	5
2020.08.05	16:30:00	103225	103225	103205	103205	4	4	5
2020.08.05	16:32:00	103265	103275	103235	103275	4	4	5
2020.08.05	16:34:00	103300	103300	103290	103290	4	4	5
2020.08.05	16:36:00	103315	103455	103315	103455	10	41	5
2020.08.05	16:38:00	103450	103450	103380	103380	4	4	5
2020.08.05	16:40:00	103400	103415	103345	103345	4	4	5
2020.08.05	16:42:00	103270	103295	103235	103240	4	4	5
2020.08.05	16:44:00	103210	103250	103210	103215	4	4	5
2020.08.05	16:46:00	103185	103240	103185	103210	4	4	5
2020.08.05	16:48:00	103165	103170	103130	103135	4	4	5
2020.08.05	16:50:00	103020	103090	102935	103055	4	4	5
2020.08.05	16:52:00	103080	103155	103080	103155	11	48	5
2020.08.05	16:54:00	103180	103180	103165	103165	2	2	5
2020.08.05	16:56:00	103200	103200	103200	103200	1	1	5
2020.08.05	17:00:00	103200	103205	103200	103205	3	10	5
2020.08.05	17:06:00	103230	103230	103230	103230	2	5	5
2020.08.05	17:10:00	103210	103210	103210	103210	1	1	5
2020.08.05	17:12:00	103210	103210	103175	103175	25	150	5
2020.08.05	17:14:00	103175	103175	103175	103175	5	5	5
2020.08.05	17:38:00	103085	103085	103085	103085	1	1	5
2020.08.05	17:40:00	103095	103095	103095	103095	1	10	5
2020.08.05	17:50:00	103180	103180	103180	103180	1	1	5
2020.08.05	17:52:00	103245	103245	103095	103095	2	6	5
2020.08.05	17:54:00	103100	103100	103100	103100	1	1	5
2020.08.06	09:06:00	102400	102520	102400	102520	16	170	5
2020.08.06	09:08:00	102430	102430	102430	102430	1	1	5
2020.08.06	09:12:00	102505	102505	102505	102505	5	10	5
2020.08.06	09:18:00	102985	102985	102985	102985	1	1	5
2020.08.06	09:20:00	103105	103105	102910	102910	10	32	5
2020.08.06	09:24:00	103010	103010	103010	103010	1	1	5
2020.08.06	09:26:00	103025	103025	103025	103025	1	1	5
2020.08.06	09:30:00	103145	103145	103145	103145	1	2	5
2020.08.06	09:42:00	103200	103375	103200	103305	16	20	5
2020.08.06	09:44:00	103325	103350	103315	103350	15	36	5
2020.08.06	09:46:00	103375	103400	103355	103380	10	15	5
2020.08.06	09:48:00	103355	103425	103355	103425	6	6	5
2020.08.06	09:50:00	103440	103450	103405	103405	8	8	5
2020.08.06	09:52:00	103380	103400	103380	103400	5	5	5
2020.08.06	09:54:00	103380	103400	103355	103375	5	5	5
2020.08.06	09:56:00	103355	103400	103355	103400	8	8	5
2020.08.06	09:58:00	103420	103425	103305	103325	15	37	5
2020.08.06	10:00:00	103305	103510	103305	103435	46	56	5
2020.08.06	10:02:00	103435	103475	103415	103445	15	23	5
2020.08.06	10:04:00	103475	103500	103395	103430	32	41	5
2020.08.06	10:06:00	103425	103525	103425	103430	26	33	5
2020.08.06	10:08:00	103420	103480	103390	103455	34	62	5
2020.08.06	10:10:00	103475	103505	103410	103450	40	62	5
2020.08.06	10:12:00	103450	103515	103365	103480	49	81	5
2020.08.06	10:14:00	103475	103615	103430	103530	60	154	5
2020.08.06	10:16:00	103530	103600	103480	103530	50	118	5
2020.08.06	10:18:00	103530	103630	103510	103580	44	72	5
2020.08.06	10:20:00	103600	103665	103600	103660	38	56	5
2020.08.06	10:22:00	103650	103650	103550	103580	55	76	5
2020.08.06	10:24:00	103575	103575	103440	103515	18	18	5
2020.08.06	10:26:00	103505	103535	103485	103495	14	14	5
2020.08.06	10:28:00	103510	103540	103455	103525	24	37	5
2020.08.06	10:30:00	103510	103570	103415	103545	34	42	5
2020.08.06	10:32:00	103570	103730	103500	103695	63	131	5
2020.08.06	10:34:00	103720	103730	103585	103585	56	78	5
2020.08.06	10:36:00	103600	103605	103405	103430	51	81	5
2020.08.06	10:38:00	103440	103440	103220	103220	69	140	5
2020.08.06	10:40:00	103210	103260	103140	103255	65	103	5
2020.08.06	10:42:00	103230	103230	103140	103190	45	88	5
2020.08.06	10:44:00	103195	103315	103165	103190	52	79	5
2020.08.06	10:46:00	103205	103275	103120	103265	55	77	5
2020.08.06	10:48:00	103270	103400	103260	103385	30	46	5
2020.08.06	10:50:00	103385	103410	103290	103350	43	64	5
2020.08.06	10:52:00	103360	103375	103140	103175	49	84	5
2020.08.06	10:54:00	103200	103270	103090	103175	47	96	5
2020.08.06	10:56:00	103230	103350	103150	103315	48	94	5
2020.08.06	10:58:00	103375	103505	103315	103490	53	139	5
2020.08.06	11:00:00	103495	103505	103450	103465	9	18	5
2020.08.06	11:02:00	103495	103510	103475	103510	6	12	5
2020.08.06	11:04:00	103545	103615	103535	103535	7	9	5
2020.08.06	11:06:00	103455	103480	103410	103415	11	16	5
2020.08.06	11:08:00	103320	103450	103320	103450	6	6	5
2020.08.06	11:10:00	103400	103500	103400	103470	5	6	5
2020.08.06	11:12:00	103525	103700	103525	103700	22	67	5
2020.08.06	11:14:00	103650	103665	103590	103615	27	125	5
2020.08.06	11:16:00	103580	103595	103560	103560	4	4	5
2020.08.06	11:18:00	103610	103625	103575	103600	5	6	5
2020.08.06	11:20:00	103610	103825	103610	103825	6	6	5
2020.08.06	11:22:00	103840	103905	103840	103890	15	31	5
2020.08.06	11:24:00	103920	104040	103920	104040	24	50	5
2020.08.06	11:26:00	104085	104200	104085	104125	10	14	5
2020.08.06	11:28:00	104150	104160	104130	104130	6	13	5
2020.08.06	11:30:00	104200	104435	104200	104300	34	56	5
2020.08.06	11:32:00	104335	104520	104305	104490	35	71	5
2020.08.06	11:34:00	104455	104455	104350	104350	8	14	5
2020.08.06	11:36:00	104370	104370	104315	104330	4	4	5
2020.08.06	11:38:00	104330	104360	104330	104340	5	5	5
2020.08.06	11:40:00	104300	104300	104220	104220	6	6	5
2020.08.06	11:42:00	104155	104155	104020	104045	15	28	5
2020.08.06	11:44:00	104005	104005	103880	103880	19	34	5
2020.08.06	11:46:00	103855	104030	103855	103935	9	17	5
2020.08.06	11:48:00	103900	103905	103850	103880	9	14	5
2020.08.06	11:50:00	103805	103810	103775	103810	7	10	5
2020.08.06	11:52:00	103890	104030	103890	104030	5	5	5
2020.08.06	11:54:00	104090	104205	104090	104205	5	9	5
2020.08.06	11:56:00	104205	104245	104105	104105	10	19	5
2020.08.06	11:58:00	104115	104145	104080	104095	6	9	5
2020.08.06	12:00:00	103985	104075	103980	104040	6	12	5
2020.08.06	12:02:00	104030	104120	104030	104110	5	6	5
2020.08.06	12:04:00	104075	104160	104065	104160	5	5	5
2020.08.06	12:06:00	104175	104195	104125	104145	4	4	5
2020.08.06	12:08:00	104115	104115	103980	103980	5	9	5
2020.08.06	12:10:00	104010	104120	103985	104120	6	10	5
2020.08.06	12:12:00	104100	104100	104050	104050	4	4	5
2020.08.06	12:14:00	104000	104170	104000	104155	6	12	5
2020.08.06	12:16:00	104180	104180	104160	104160	5	5	5
2020.08.06	12:18:00	104220	104245	104150	104180	13	25	5
2020.08.06	12:20:00	104260	104355	104260	104320	8	12	5
2020.08.06	12:22:00	104225	104235	104200	104235	6	8	5
2020.08.06	12:24:00	104185	104185	104060	104060	4	4	5
2020.08.06	12:26:00	104000	104020	103980	103985	7	7	5
2020.08.06	12:28:00	104015	104040	103990	103990	4	4	5
2020.08.06	12:30:00	103995	104035	103950	103970	6	6	5
2020.08.06	12:32:00	103915	104030	103915	104030	8	8	5
2020.08.06	12:34:00	104020	104020	103930	103945	6	6	5
2020.08.06	12:36:00	103960	104035	103960	104035	4	4	5
2020.08.06	12:38:00	104060	104130	104060	104130	6	6	5
2020.08.06	12:40:00	104125	104125	104040	104080	6	6	5
2020.08.06	12:42:00	104015	104145	104015	104145	8	8	5
2020.08.06	12:44:00	104135	104220	104135	104220	5	5	5
2020.08.06	12:46:00	104250	104350	104250	104350	11	11	5
2020.08.06	12:48:00	104355	104475	104355	104475	12	17	5
2020.08.06	12:50:00	104440	104665	104440	104665	33	40	5
2020.08.06	12:52:00	104705	104705	104610	104645	4	4	5
2020.08.06	12:54:00	104690	104695	104605	104695	6	6	5
2020.08.06	12:56:00	104745	104800	104685	104715	5	5	5
2020.08.06	12:58:00	104710	104730	104700	104720	5	5	5
2020.08.06	13:00:00	104710	104740	104685	104735	7	30	5
2020.08.06	13:02:00	104755	104840	104705	104705	12	12	5
2020.08.06	13:04:00	104745	104745	104685	104685	4	4	5
2020.08.06	13:06:00	104630	104675	104615	104615	7	7	5
2020.08.06	13:08:00	104605	104715	104585	104715	9	9	5
2020.08.06	13:10:00	104715	104765	104715	104765	17	58	5
2020.08.06	13:12:00	104800	104830	104725	104725	5	5	5
2020.08.06	13:14:00	104770	104915	104770	104795	10	10	5
2020.08.06	13:16:00	104715	104715	104665	104710	6	10	5
2020.08.06	13:18:00	104665	104700	104645	104700	6	6	5
2020.08.06	13:20:00	104705	104705	104615	104615	4	4	5
2020.08.06	13:22:00	104625	104650	104555	104585	7	7	5
2020.08.06	13:24:00	104605	104670	104605	104670	11	11	5
2020.08.06	13:26:00	104665	104665	104625	104655	4	4	5
2020.08.06	13:28:00	104625	104625	104600	104605	5	5	5
2020.08.06	13:30:00	104585	104600	104555	104590	5	5	5
2020.08.06	13:32:00	104610	104630	104565	104600	5	5	5
2020.08.06	13:34:00	104610	104655	104600	104625	13	19	5
2020.08.06	13:36:00	104660	104720	104645	104720	5	5	5
2020.08.06	13:38:00	104655	104655	104630	104635	5	5	5
2020.08.06	13:40:00	104640	104660	104595	104625	6	6	5
2020.08.06	13:42:00	104610	104660	104610	104610	6	6	5
2020.08.06	13:44:00	104635	104680	104620	104620	6	6	5
2020.08.06	13:46:00	104640	104640	104525	104550	7	7	5
2020.08.06	13:48:00	104560	104565	104515	104530	8	12	5
2020.08.06	13:50:00	104570	104575	104535	104575	5	5	5
2020.08.06	13:52:00	104535	104555	104520	104545	6	6	5
2020.08.06	13:54:00	104555	104555	104465	104475	5	9	5
2020.08.06	13:56:00	104495	104590	104460	104590	6	6	5
2020.08.06	13:58:00	104600	104720	104600	104710	6	6	5
2020.08.06	14:00:00	104675	104700	104650	104685	6	6	5
2020.08.06	14:02:00	104735	104745	104665	104665	5	5	5
2020.08.06	14:04:00	104615	104630	104565	104585	6	6	5
2020.08.06	14:06:00	104510	104515	104385	104405	6	6	5
2020.08.06	14:08:00	104370	104410	104365	104410	7	7	5
2020.08.06	14:10:00	104400	104455	104400	104425	6	6	5
2020.08.06	14:12:00	104450	104490	104330	104330	28	60	5
2020.08.06	14:14:00	104335	104410	104300	104375	10	10	5
2020.08.06	14:16:00	104375	104375	104195	104275	25	29	5
2020.08.06	14:18:00	104305	104315	104305	104315	3	3	5
2020.08.06	14:20:00	104295	104295	104130	104140	28	38	5
2020.08.06	14:22:00	104165	104210	104050	104095	20	31	5
2020.08.06	14:24:00	104070	104205	104070	104155	38	48	5
2020.08.06	14:26:00	104180	104240	104180	104230	5	5	5
2020.08.06	14:28:00	104265	104280	104225	104275	6	6	5
2020.08.06	14:30:00	104280	104280	104240	104240	4	4	5
2020.08.06	14:32:00	104160	104235	104160	104215	7	7	5
2020.08.06	14:34:00	104230	104230	104130	104130	4	4	5
2020.08.06	14:36:00	104155	104230	104155	104210	7	7	5
2020.08.06	14:38:00	104200	104200	104150	104175	4	4	5
2020.08.06	14:40:00	104205	104205	104145	104145	4	4	5
2020.08.06	14:42:00	104185	104350	104180	104350	15	19	5
2020.08.06	14:44:00	104330	104430	104295	104340	30	119	5
2020.08.06	14:46:00	104350	104365	104300	104300	4	4	5
2020.08.06	14:48:00	104315	104315	104225	104265	6	6	5
2020.08.06	14:50:00	104220	104265	104220	104255	4	4	5
2020.08.06	14:52:00	104175	104290	104175	104245	25	30	5
2020.08.06	14:54:00	104230	104255	104185	104185	3	3	5
2020.08.06	14:56:00	104150	104150	104010	104030	23	29	5
2020.08.06	14:58:00	104060	104075	103960	104015	22	24	5
2020.08.06	15:00:00	103945	104060	103945	104060	8	8	5
2020.08.06	15:02:00	104105	104130	104085	104120	17	27	5
2020.08.06	15:04:00	104110	104165	104110	104135	10	11	5
2020.08.06	15:06:00	104110	104145	104065	104095	7	7	5
2020.08.06	15:08:00	104060	104060	103910	104005	22	34	5
2020.08.06	15:10:00	104020	104065	103985	104065	8	8	5
2020.08.06	15:12:00	104025	104055	103970	103995	14	20	5
2020.08.06	15:14:00	104000	104010	103925	103965	8	8	5
2020.08.06	15:16:00	104010	104040	104000	104000	5	5	5
2020.08.06	15:18:00	104030	104030	103945	103945	6	25	5
2020.08.06	15:20:00	103945	103965	103875	103890	9	12	5
2020.08.06	15:22:00	103925	104025	103925	104005	5	5	5
2020.08.06	15:24:00	104030	104175	104030	104150	7	11	5
2020.08.06	15:26:00	104130	104140	104120	104120	4	4	5
2020.08.06	15:28:00	104115	104250	104115	104250	6	6	5
2020.08.06	15:30:00	104180	104180	104055	104055	7	7	5
2020.08.06	15:32:00	104070	104140	104070	104140	7	7	5
2020.08.06	15:34:00	104045	104070	104030	104070	9	12	5
2020.08.06	15:36:00	104070	104120	104070	104120	4	4	5
2020.08.06	15:38:00	104130	104160	104125	104160	6	6	5
2020.08.06	15:40:00	104120	104180	104115	104180	4	4	5
2020.08.06	15:42:00	104215	104260	104165	104195	9	9	5
2020.08.06	15:44:00	104195	104195	104070	104100	5	5	5
2020.08.06	15:46:00	104115	104115	104095	104115	4	4	5
2020.08.06	15:48:00	104070	104215	104070	104215	7	7	5
2020.08.06	15:50:00	104240	104310	104225	104225	7	7	5
2020.08.06	15:52:00	104220	104240	104205	104210	5	5	5
2020.08.06	15:54:00	104185	104240	104170	104240	7	7	5
2020.08.06	15:56:00	104245	104290	104245	104290	6	6	5
2020.08.06	15:58:00	104285	104405	104235	104405	12	20	5
2020.08.06	16:00:00	104355	104355	104225	104225	4	8	5
2020.08.06	16:02:00	104235	104255	104170	104175	7	7	5
2020.08.06	16:04:00	104125	104190	104050	104090	7	9	5
2020.08.06	16:06:00	104050	104115	104050	104115	5	5	5
2020.08.06	16:08:00	104145	104145	104090	104090	4	4	5
2020.08.06	16:10:00	104085	104135	104085	104135	6	6	5
2020.08.06	16:12:00	104155	104155	104105	104130	4	4	5
2020.08.06	16:14:00	104115	104115	104065	104110	4	4	5
2020.08.06	16:16:00	104100	104175	104090	104175	8	16	5
2020.08.06	16:18:00	104150	104175	104120	104175	12	17	5
2020.08.06	16:20:00	104180	104200	104170	104195	6	6	5
2020.08.06	16:22:00	104195	104195	104145	104180	5	5	5
2020.08.06	16:24:00	104185	104190	104130	104130	4	4	5
2020.08.06	16:26:00	104155	104155	103995	103995	9	13	5
2020.08.06	16:28:00	104020	104055	104020	104050	4	4	5
2020.08.06	16:30:00	104035	104125	104035	104125	6	6	5
2020.08.06	16:32:00	104110	104110	104065	104075	4	4	5
2020.08.06	16:34:00	104145	104145	104065	104090	5	5	5
2020.08.06	16:36:00	104070	104125	104065	104125	5	5	5
2020.08.06	16:38:00	104175	104180	104140	104140	4	4	5
2020.08.06	16:40:00	104175	104180	104160	104160	4	4	5
2020.08.06	16:42:00	104155	104205	104155	104195	5	5	5
2020.08.06	16:44:00	104205	104215	104165	104170	8	13	5
2020.08.06	16:46:00	104160	104170	104085	104165	8	8	5
2020.08.06	16:48:00	104165	104165	104130	104130	5	5	5
2020.08.06	16:50:00	104115	104245	104115	104245	9	26	5
2020.08.06	16:52:00	104270	104320	104270	104280	9	17	5
2020.08.06	16:54:00	104280	104335	104280	104335	4	4	5
2020.08.06	16:56:00	104290	104380	104290	104320	11	26	5
2020.08.06	16:58:00	104290	104340	104290	104340	2	2	5
2020.08.06	17:00:00	104345	104395	104345	104395	4	28	5
2020.08.06	17:02:00	104355	104385	104345	104360	6	7	5
2020.08.06	17:04:00	104375	104420	104375	104395	11	20	5
2020.08.06	17:06:00	104410	104455	104410	104455	4	9	5
2020.08.06	17:08:00	104430	104430	104430	104430	1	1	5
2020.08.06	17:12:00	104440	104440	104440	104440	3	5	5
2020.08.06	17:16:00	104440	104440	104440	104440	1	1	5
2020.08.06	17:20:00	104450	104450	104400	104400	3	3	5
2020.08.06	17:26:00	104405	104415	104405	104415	3	11	5
2020.08.06	17:28:00	104495	104500	104495	104500	6	15	5
2020.08.06	17:34:00	104420	104420	104420	104420	1	1	5
2020.08.06	17:38:00	104400	104400	104400	104400	1	1	5
2020.08.06	17:40:00	104430	104430	104430	104430	2	2	5
2020.08.06	17:44:00	104415	104415	104415	104415	1	1	5
2020.08.06	17:50:00	104260	104350	104200	104285	18	159	5
2020.08.06	17:54:00	104325	104325	104250	104250	3	5	5
2020.08.07	09:00:00	103500	103500	103500	103500	4	4	5
2020.08.07	09:02:00	103200	103310	103200	103285	3	3	5
2020.08.07	09:04:00	103255	103255	103155	103155	9	14	5
2020.08.07	09:06:00	103160	103160	103155	103155	3	31	5
2020.08.07	09:12:00	103275	103305	103160	103160	22	155	5
2020.08.07	09:18:00	103035	103035	102985	103000	17	32	5
2020.08.07	09:20:00	102905	102905	102885	102885	12	19	5
2020.08.07	09:22:00	102935	102935	102935	102935	6	9	5
2020.08.07	09:28:00	103060	103060	103060	103060	1	5	5
2020.08.07	09:30:00	103520	103565	103425	103455	9	21	5
2020.08.07	09:32:00	103600	103600	103600	103600	8	14	5
2020.08.07	09:34:00	103700	103700	103700	103700	2	2	5
2020.08.07	09:36:00	103450	103450	103420	103420	3	5	5
2020.08.07	09:42:00	103250	103250	103200	103200	6	14	5
2020.08.07	09:44:00	103125	103125	103070	103070	4	10	5
2020.08.07	09:50:00	103220	103230	103130	103130	15	122	5
2020.08.07	09:52:00	103130	103130	103020	103020	10	15	5
2020.08.07	09:54:00	102970	102970	102870	102960	5	8	5
2020.08.07	09:56:00	102995	102995	102995	102995	3	5	5
2020.08.07	09:58:00	102905	102915	102885	102885	8	12	5
2020.08.07	10:00:00	102875	102875	102760	102765	15	21	5
2020.08.07	10:02:00	102855	102950	102855	102950	13	16	5
2020.08.07	10:04:00	102935	102970	102925	102935	10	26	5
2020.08.07	10:06:00	102915	102940	102900	102940	15	36	5
2020.08.07	10:08:00	103120	103165	103010	103025	13	28	5
2020.08.07	10:10:00	102980	103135	102980	103135	10	10	5
2020.08.07	10:12:00	103105	103125	103060	103105	12	17	5
2020.08.07	10:14:00	103120	103375	103080	103365	14	14	5
2020.08.07	10:16:00	103325	103330	103045	103190	25	26	5
2020.08.07	10:18:00	103180	103260	103155	103220	41	59	5
2020.08.07	10:20:00	103190	103240	103160	103240	15	39	5
2020.08.07	10:22:00	103220	103290	103220	103290	3	3	5
2020.08.07	10:24:00	103135	103135	103135	103135	1	1	5
2020.08.07	10:26:00	103090	103190	103090	103190	4	5	5
2020.08.07	10:30:00	103355	103355	103190	103190	10	15	5
2020.08.07	10:32:00	103115	103115	103000	103000	13	23	5
2020.08.07	10:34:00	103150	103380	103150	103380	18	22	5
2020.08.07	10:36:00	103365	103365	103225	103255	6	6	5
2020.08.07	10:38:00	103240	103310	103190	103190	10	15	5
2020.08.07	10:42:00	103345	103420	103345	103420	4	4	5
2020.08.07	10:44:00	103490	103600	103490	103560	10	25	5
2020.08.07	10:46:00	103575	103645	103565	103645	9	15	5
2020.08.07	10:50:00	103750	103750	103535	103535	47	102	5
2020.08.07	10:52:00	103610	103635	103495	103495	13	13	5
2020.08.07	10:54:00	103475	103475	103235	103265	28	43	5
2020.08.07	10:56:00	103290	103360	103290	103360	7	11	5
2020.08.07	10:58:00	103440	103440	103440	103440	4	7	5
2020.08.07	11:00:00	103385	103455	103385	103455	2	2	5
2020.08.07	11:02:00	103335	103335	103320	103320	3	5	5
2020.08.07	11:06:00	103205	103205	103205	103205	1	1	5
2020.08.07	11:08:00	103510	103510	103500	103500	2	2	5
2020.08.07	11:10:00	103640	103640	103640	103640	2	2	5
2020.08.07	11:14:00	103510	103510	103360	103360	2	2	5
2020.08.07	11:16:00	103345	103345	103345	103345	5	6	5
2020.08.07	11:18:00	103210	103320	103125	103125	17	33	5
2020.08.07	11:20:00	103100	103100	102995	103080	23	52	5
2020.08.07	11:26:00	103300	103300	103300	103300	2	10	5
2020.08.07	11:28:00	103230	103230	103200	103200	5	11	5
2020.08.07	11:30:00	103235	103240	103235	103240	6	7	5
2020.08.07	11:32:00	103240	103390	103240	103390	8	13	5
2020.08.07	11:34:00	103290	103290	103290	103290	5	7	5
2020.08.07	11:38:00	103205	103205	103205	103205	1	2	5
2020.08.07	11:42:00	103195	103270	103055	103250	60	168	5
2020.08.07	11:44:00	103250	103305	103235	103305	12	13	5
2020.08.07	11:52:00	103210	103210	103210	103210	5	5	5
2020.08.07	11:56:00	103265	103265	103265	103265	2	5	5
2020.08.07	12:06:00	103330	103330	103330	103330	3	3	5
2020.08.07	12:08:00	103360	103380	103360	103375	8	9	5
2020.08.07	12:10:00	103295	103295	103295	103295	2	2	5
2020.08.07	12:12:00	103215	103215	103215	103215	1	1	5
2020.08.07	12:14:00	103215	103215	103130	103160	18	18	5
2020.08.07	12:16:00	103150	103155	103140	103155	10	10	5
2020.08.07	12:18:00	103175	103200	103175	103200	3	3	5
2020.08.07	12:20:00	103240	103240	103240	103240	1	1	5
2020.08.07	12:22:00	103275	103275	103275	103275	1	1	5
2020.08.07	12:24:00	103335	103335	103320	103320	3	3	5
2020.08.07	12:26:00	103360	103390	103360	103370	3	3	5
2020.08.07	12:36:00	103440	103465	103440	103465	2	2	5
2020.08.07	12:40:00	103425	103425	103395	103400	13	16	5
2020.08.07	12:42:00	103455	103460	103455	103460	2	2	5
2020.08.07	12:44:00	103355	103355	103355	103355	1	1	5
2020.08.07	12:46:00	103370	103370	103300	103300	4	4	5
2020.08.07	12:48:00	103305	103305	103305	103305	3	3	5
2020.08.07	12:50:00	103305	103305	103220	103230	7	7	5
2020.08.07	12:52:00	103255	103255	103250	103250	3	3	5
2020.08.07	12:54:00	103215	103225	103195	103195	9	9	5
2020.08.07	12:56:00	103220	103245	103180	103180	6	6	5
2020.08.07	12:58:00	103115	103140	103070	103070	7	7	5
2020.08.07	13:00:00	103075	103080	103075	103080	2	2	5
2020.08.07	13:06:00	103060	103060	103060	103060	3	5	5
2020.08.07	13:14:00	103180	103180	103180	103180	2	2	5
2020.08.07	13:16:00	103315	103315	103265	103265	8	17	5
2020.08.07	13:18:00	103220	103220	103220	103220	2	7	5
2020.08.07	13:20:00	103080	103080	103075	103075	3	7	5
2020.08.07	13:40:00	103310	103310	103280	103280	2	3	5
2020.08.07	13:42:00	103305	103345	103250	103250	15	18	5
2020.08.07	13:44:00	103270	103270	103270	103270	1	1	5
2020.08.07	13:46:00	103240	103240	103240	103240	1	1	5
2020.08.07	13:56:00	103135	103150	103135	103150	12	20	5
2020.08.07	14:06:00	103135	103150	103135	103150	3	6	5
2020.08.07	14:14:00	103045	103045	102860	102860	15	47	5
2020.08.07	14:16:00	102835	102835	102600	102710	59	136	5
2020.08.07	14:20:00	102835	102920	102835	102920	7	25	5
2020.08.07	14:22:00	102970	103025	102970	102980	18	73	5
2020.08.07	14:24:00	103045	103095	103045	103090	6	17	5
2020.08.07	14:26:00	103420	103665	103420	103510	25	78	5
2020.08.07	14:28:00	103690	104290	103680	104110	29	103	5
2020.08.07	14:30:00	104205	104520	104205	104310	9	29	5
2020.08.07	14:32:00	104120	104120	104120	104120	1	5	5
2020.08.07	14:34:00	104020	104110	103905	104110	5	16	5
2020.08.07	14:48:00	103840	103840	103755	103755	2	6	5
2020.08.07	14:50:00	103700	103700	103695	103695	4	11	5
2020.08.07	14:52:00	103600	103600	103600	103600	2	10	5
2020.08.07	14:58:00	103505	103505	103505	103505	1	1	5
2020.08.07	15:00:00	103425	103425	103420	103420	2	2	5
2020.08.07	15:02:00	103255	103255	103020	103020	19	51	5
2020.08.07	15:04:00	103100	103100	103100	103100	1	110	5
2020.08.07	15:06:00	103120	103120	103000	103000	5	14	5
2020.08.07	15:08:00	102885	102930	102885	102930	6	14	5
2020.08.07	15:10:00	102935	102955	102935	102955	2	15	5
2020.08.07	15:12:00	102975	102975	102975	102975	1	10	5
2020.08.07	15:14:00	103115	103165	103075	103115	10	116	5
2020.08.07	15:16:00	103025	103025	103025	103025	1	5	5
2020.08.07	15:18:00	102975	103005	102955	102955	5	15	5
2020.08.07	15:20:00	102905	102905	102840	102840	2	12	5
2020.08.07	15:22:00	102890	102890	102470	102470	16	114	5
2020.08.07	15:24:00	102460	102560	102285	102360	22	86	5
2020.08.07	15:26:00	102220	102400	102220	102290	29	176	5
2020.08.07	15:28:00	102300	102370	102300	102370	5	12	5
2020.08.07	15:30:00	102530	102550	102335	102335	15	69	5
2020.08.07	15:36:00	102520	102520	102465	102465	2	8	5
2020.08.07	15:40:00	102335	102415	102295	102410	11	33	5
2020.08.07	15:44:00	102525	102525	102500	102500	4	5	5
2020.08.07	15:46:00	102480	102480	102480	102480	3	9	5
2020.08.07	15:48:00	102635	102635	102635	102635	3	7	5
2020.08.07	15:50:00	102580	102580	102540	102560	6	16	5
2020.08.07	15:52:00	102560	102560	102560	102560	1	1	5
2020.08.07	15:56:00	102640	102640	102640	102640	2	3	5
2020.08.07	16:02:00	102630	102630	102630	102630	6	7	5
2020.08.07	16:10:00	102600	102675	102500	102665	7	16	5
2020.08.07	16:16:00	102810	102810	102810	102810	1	1	5
2020.08.07	16:22:00	102815	102815	102815	102815	1	1	5
2020.08.07	16:24:00	102840	102920	102840	102920	5	6	5
2020.08.07	16:30:00	102740	102740	102740	102740	1	1	5
2020.08.07	16:32:00	102795	102840	102790	102840	4	8	5
2020.08.07	16:36:00	102930	102960	102930	102960	6	12	5
2020.08.07	16:38:00	102910	102930	102910	102930	3	3	5
2020.08.07	16:40:00	102955	102955	102955	102955	1	1	5
2020.08.07	16:46:00	103000	103000	103000	103000	10	10	5
2020.08.07	16:48:00	103020	103050	103020	103050	2	2	5
2020.08.07	16:52:00	103155	103155	103155	103155	4	5	5
2020.08.07	16:54:00	103230	103230	103115	103115	5	5	5
2020.08.07	16:58:00	103190	103190	103190	103190	2	10	5
2020.08.07	17:00:00	103135	103160	103065	103150	35	54	5
2020.08.07	17:02:00	103110	103115	103110	103115	18	36	5
2020.08.07	17:04:00	103100	103140	103075	103100	28	48	5
2020.08.07	17:06:00	103100	103120	103100	103105	34	61	5
2020.08.07	17:08:00	103110	103110	103040	103040	17	28	5
2020.08.07	17:12:00	102920	102985	102915	102935	13	35	5
2020.08.07	17:14:00	102925	102950	102920	102920	22	193	5
2020.08.07	17:16:00	103025	103035	103025	103025	10	17	5
2020.08.07	17:24:00	103015	103015	103015	103015	1	1	5
2020.08.07	17:26:00	103025	103025	103025	103025	1	1	5
2020.08.07	17:28:00	103095	103105	103095	103095	16	40	5
2020.08.07	17:34:00	103050	103050	103035	103035	8	21	5
2020.08.07	17:36:00	102995	102995	102995	102995	2	5	5
2020.08.07	17:40:00	102970	102970	102970	102970	4	10	5
2020.08.07	17:42:00	103000	103000	103000	103000	1	32	5
2020.08.07	17:44:00	102960	102960	102940	102940	4	23	5
2020.08.07	17:50:00	103035	103035	103000	103000	13	100	5
2020.08.07	17:52:00	103000	103050	103000	103050	17	126	5
2020.08.07	17:54:00	103070	103070	103045	103045	4	6	5
